method,runtime_min,reversed_test_acc
BIRM,34.21616073846817,0.5015369278059317
ERM,34.13982458114624,0.5172800531693944
IRMv1,34.10487176179886,0.5176954390628894
